FirstName,LastName,Site,Dept,LogonUsername,Name,Container
Travis,Garden,Nice,Prod,tgarden,Travis Garden,"ou=Nice Users,ou=Nice,ou=FR,dc=ilab,dc=com"
Payton,Gas,Nice,Sales,pgas,Payton Gas,"ou=Nice Users,ou=Nice,ou=FR,dc=ilab,dc=com"
Alaura,Gate,Nice,Prod,agate,Alaura Gate,"ou=Nice Users,ou=Nice,ou=FR,dc=ilab,dc=com"
Jessica,Gemstone,Guy,Prod,jgemstone,Jessica Gemstone,"ou=Guy Users,ou=Guy,ou=FR,dc=ilab,dc=com"
Tyler,Girl,Guy,Prod,tgirl,Tyler Girl,
Madelyn,Gloves,Guy,Sales,mgloves,Madelyn Gloves,
Chloe,God,Guy,Prod,cgod,Chloe God,
Ainsleigh,Grapes,Guy,Prod,agrapes,Ainsleigh Grapes,
Joshua,Guitar,Guy,Sales,jguitar,Joshua Guitar,
